seriesId,platformId,platformUrl
ts279807,1,https://disneyplus.bn5x.net/c/1206980/705874/9358?u=https%3A%2F%2Fwww.disneyplus.com%2Fseries%2Ftracker%2F6xdVN5vzeefJ&subId3=justappsvod
ts57118,2,https://www.nowtv.com/watch/the-good-doctor/a05aae019a45f510VgnVCM1000000b43150a____/seasons/1/episodes/1/A5EK4hNSMYgPpJZU96buY
ts57118,3,https://watch.amazon.co.uk/detail?gti=amzn1.dv.gti.a0b1a8dd-57d1-dce7-86d1-5d62d70905b1
ts57118,4,https://tv.apple.com/gb/show/the-good-doctor/umc.cmc.26j01gacgwcviisaauijqd0wh?at=1000l3V2&ct=app_tv&itscg=30200&itsct=justwatch_tv_12
ts57118,5,https://www.skystore.com/product/the-good-doctor-season-1/9e17dec6-84c8-49f2-828e-2349d591d60e
ts57118,6,https://www.microsoft.com/en-gb/p/series-1/8d6kgwxj1jmc
ts57118,7,http://www.channel4.com/programmes/the-good-doctor/on-demand/75161-001
ts358688,8,http://www.netflix.com/title/81423482
ts41351,9,https://www.paramountplus.com/shows/star-trek-discovery/video/l5ANMH9wM7kxwV1qr4u1xn88XOhYMlZX/star-trek-discovery-the-vulcan-hello?searchReferral=
ts41351,10,https://watch.amazon.co.uk/detail?gti=amzn1.dv.gti.b6b3e5c5-a97c-2251-1660-0be2da3b84c2
ts41351,4,https://tv.apple.com/gb/show/star-trek-discovery/umc.cmc.5ge1cirmxod01u8f8m3rplx5g?at=1000l3V2&ct=app_tv&itscg=30200&itsct=justwatch_tv_12
ts41351,3,https://watch.amazon.co.uk/detail?gti=amzn1.dv.gti.08b3e57a-3298-a4cd-dc8c-74622b961e1d
ts41351,6,https://www.microsoft.com/en-gb/p/series-4/8d6kgwxn66zj
ts20995,11,https://www.sky.com/watch/sky-go/all?uuid=c0d5cc5c-c67d-45cb-8432-8f68a756d951&videoId=9072867
ts20995,12,https://www.rakuten.tv/uk/tv_shows/the-sopranos
ts20995,2,https://www.nowtv.com/watch/the-sopranos/c599fe78c72ef410VgnVCM1000000b43150a____/seasons/1/episodes/1/A5EK65Bcwd6NitTg51suy
ts20995,4,https://tv.apple.com/gb/show/the-sopranos/umc.cmc.7fvpbc4pqotnxhpx36c739tyd?at=1000l3V2&ct=app_tv&itscg=30200&itsct=justwatch_tv_12
ts20995,3,https://watch.amazon.co.uk/detail?gti=amzn1.dv.gti.bea9f680-d081-9645-6046-f152bc899a1e
ts20995,13,https://uk.chili.com/content/the-sopranos-1999/045f973d-c00d-4ec3-ade3-a48951915a48?utm_campaign=buy_box&utm_medium=affiliation&utm_source=justwatch
ts20995,6,https://www.microsoft.com/en-gb/p/series-1/8d6kgx0r3kjh
ts6495,1,https://disneyplus.bn5x.net/c/1206980/705874/9358?u=https%3A%2F%2Fwww.disneyplus.com%2Fseries%2Fcriminal-minds%2F6PNwItKkiA6Z&subId3=justappsvod
ts6495,9,https://www.paramountplus.com/shows/criminal_minds/video/MbPAzYEJevgNuw_axPjSVCHrA8XqKPVX/criminal-minds-extreme-aggressor?searchReferral=
ts6495,10,https://watch.amazon.co.uk/detail?gti=amzn1.dv.gti.36128a31-9d74-4e75-bb58-d6987676067e
ts6495,4,https://tv.apple.com/gb/show/criminal-minds/umc.cmc.6cljvkfmjijnip1z2ju685tkg?at=1000l3V2&ct=app_tv&itscg=30200&itsct=justwatch_tv_12
ts6495,3,https://watch.amazon.co.uk/detail?gti=amzn1.dv.gti.aaa9f67d-9d25-4145-734a-af94d01a6087
ts6495,5,https://www.skystore.com/product/criminal-minds-season-1/21361849-01c9-4426-8f98-8dc9ab7ac7ce
ts6495,6,https://www.microsoft.com/en-gb/p/series-9/8d6kgwzq9zjx
ts6495,14,https://www.my5.tv/criminal-minds/season-9/the-return
ts287292,11,https://www.sky.com/watch/sky-go/all?uuid=d2517096-8e5c-4200-be24-969b2257caad&videoId=8783961
ts287292,2,https://www.nowtv.com/watch/from/iYEQZ1vXAStkW2LGDMtALq/seasons/1/episodes/1/A5EK5anymDtSpipU3wrwy
ts287292,3,https://watch.amazon.co.uk/detail?gti=amzn1.dv.gti.ff933791-74c5-43ef-917d-5cca9a7b1c74
ts287292,4,https://tv.apple.com/gb/show/from/umc.cmc.56o18x26glzqpzzysq4vuu9nb?at=1000l3V2&ct=app_tv&itscg=30200&itsct=justwatch_tv_12
ts76876,1,https://disneyplus.bn5x.net/c/1206980/705874/9358?u=https%3A%2F%2Fwww.disneyplus.com%2Fseries%2F9-1-1%2F2m7rY4gecjQw&subId3=justappsvod
ts76876,4,https://tv.apple.com/gb/show/9-1-1/umc.cmc.24epe8xr3aha2bm0beuevs4eh?at=1000l3V2&ct=app_tv&itscg=30200&itsct=justwatch_tv_12
ts76876,3,https://watch.amazon.co.uk/detail?gti=amzn1.dv.gti.6ab33cd1-e096-852b-081d-fbbaf494296f
ts76876,5,https://www.skystore.com/product/9-1-1-season-1/2b05dfc8-8a28-46fe-b5f3-1d02d86134c2
ts106330,11,https://www.sky.com/watch/sky-go/all?uuid=621be9bc-1bc2-37e8-90c6-e3ba725804d6&videoId=10164737
ts106330,2,https://www.nowtv.com/watch/the-tattooist-of-auschwitz/iYEQZ2rcf32XRKq3ZCCMP7/seasons/1/episodes/1/A5EK65Bcwd6NEj7qrPCgA
ts131317,15,https://tv.apple.com/gb/episode/failures-contagious/umc.cmc.72legmwolm5ytctyq637r6x0?at=1000l3V2&ct=app_tvplus&itscg=30200&itsct=justwatch_tv_12&playableId=tvs.sbd.4000%3AA0006401001&showId=umc.cmc.2szz3fdt71tl1ulnbp8utgq5o
ts8345,16,https://watch.amazon.co.uk/detail?gti=amzn1.dv.gti.fca9f664-7dfe-eb01-3433-333a7ac495ff
ts8345,4,https://tv.apple.com/gb/show/fargo/umc.cmc.2zs573npbhr5fessb48q5zjfe?at=1000l3V2&ct=app_tv&itscg=30200&itsct=justwatch_tv_12
ts8345,5,https://www.skystore.com/product/fargo-season-1/e50109be-bd57-431b-af5c-953374fe5634
ts8345,6,https://www.microsoft.com/en-gb/p/series-1/8d6kgwxkjgsq
ts314106,1,https://disneyplus.bn5x.net/c/1206980/705874/9358?u=https%3A%2F%2Fwww.disneyplus.com%2Fseries%2Fthe-bear%2F52m6nx7HoP5F&subId3=justappsvod
ts88862,11,https://www.sky.com/watch/sky-go/all?uuid=372aee2a-1833-4b80-9fc3-4aadc097c022&videoId=7548339
ts88862,17,http://www.bbc.co.uk/iplayer/episode/m000319z
ts9245,3,https://watch.amazon.co.uk/detail?gti=amzn1.dv.gti.80a9f687-3e1a-8889-f5c8-ab07cc3f7f8d
ts9245,5,https://www.skystore.com/product/curb-your-enthusiasm-season-1/3a8c8457-786f-4e53-898f-22366f46bc74
ts9245,6,https://www.microsoft.com/en-gb/p/series-1/8d6kgwxn6347
ts9245,12,https://www.rakuten.tv/uk/tv_shows/curb-your-enthusiasm
ts9245,13,https://uk.chili.com/content/curb-your-enthusiasm-2000/9db8b08e-80ab-4dbe-b90e-75a85aea63a5?utm_campaign=buy_box&utm_medium=affiliation&utm_source=justwatch
ts9245,2,https://www.nowtv.com/watch/curb-your-enthusiasm/iYEQZ2uDbPiuTXRbUUJCcA/seasons/1/episodes/1/A5EK6949itCVqHgZg938j
ts9245,4,https://tv.apple.com/gb/show/curb-your-enthusiasm/umc.cmc.4koxxcdkbia1pne6zkt72mhva?at=1000l3V2&ct=app_tv&itscg=30200&itsct=justwatch_tv_12
ts410846,8,http://www.netflix.com/title/81557031
ts354573,15,https://tv.apple.com/gb/episode/olivia/umc.cmc.77zptii35zhvyecqk4ajlr7cm?at=1000l3V2&ct=app_tvplus&itscg=30200&itsct=justwatch_tv_12&playableId=tvs.sbd.4000%3AA0076501001&showId=umc.cmc.4r6q7tdquewehwvb3rzl0k3dt
ts267911,17,http://www.bbc.co.uk/iplayer/episode/m001snkh
ts267911,4,https://tv.apple.com/gb/show/kin/umc.cmc.11g1p6p9si510w3gbuepoyqvq?at=1000l3V2&ct=app_tv&itscg=30200&itsct=justwatch_tv_12
ts267911,3,https://watch.amazon.co.uk/detail?gti=amzn1.dv.gti.1acb9bb5-0f3d-40c6-a571-4cfd71e8a2e3
ts267911,8,http://www.netflix.com/title/81731916
ts218144,18,https://watch.amazon.co.uk/detail?gti=amzn1.dv.gti.1969b7bb-942e-41b2-840a-bd5008b354cd
ts218144,4,https://tv.apple.com/gb/show/power-book-ii-ghost/umc.cmc.3rrpagriawr6glib94ekgpnes?at=1000l3V2&ct=app_tv&itscg=30200&itsct=justwatch_tv_12
ts218144,3,https://watch.amazon.co.uk/detail?gti=amzn1.dv.gti.df74e3ab-f6ad-41e6-bbf6-eb230a0b8c87
ts218144,6,https://www.microsoft.com/en-gb/p/series-1/8d6kgwxn805x
ts218144,5,https://www.skystore.com/product/power-book-ii-ghost-season-1/29ecdda0-25d7-4278-b14a-a2e7f663d05e
ts227860,8,http://www.netflix.com/title/81678765
ts22280,16,https://www.amazon.co.uk/The-Socratic-Method/dp/B00FZV88BC
ts22280,4,https://tv.apple.com/gb/show/house/umc.cmc.1819eevcg6tlw0ifen6ml04fy?at=1000l3V2&ct=app_tv&itscg=30200&itsct=justwatch_tv_12
ts22280,6,https://www.microsoft.com/en-gb/p/series-1/8d6kgwzlcm23
ts226904,11,https://www.sky.com/watch/sky-go/all?uuid=26d134ea-f7ee-4c2f-b360-a94d24907c37&videoId=9063198
ts226904,12,https://www.rakuten.tv/uk/tv_shows/the-last-of-us
ts226904,2,https://www.nowtv.com/watch/the-last-of-us/iYEQZ2rcf32Y4qXCVtkNy1/seasons/1/episodes/1/A5EK65Bcwd6NhgbZhN5NU
ts226904,13,https://uk.chili.com/content/the-last-of-us-2023/ba8ede36-773d-4cdf-aebc-7a41e7577b2c?utm_campaign=buy_box&utm_medium=affiliation&utm_source=justwatch
ts226904,4,https://tv.apple.com/gb/show/the-last-of-us/umc.cmc.43thr5tsmnra1kr4edwimsqvp?at=1000l3V2&ct=app_tv&itscg=30200&itsct=justwatch_tv_12
ts226904,3,https://watch.amazon.co.uk/detail?gti=amzn1.dv.gti.774660a9-f41a-4d8c-9e46-a81fbbb75167
ts226904,6,https://www.microsoft.com/en-gb/p/series-1/8d6kgwxz1plw
ts20233,8,http://www.netflix.com/title/80014749
ts20233,4,https://tv.apple.com/gb/show/rick-and-morty/umc.cmc.12dp30hnvyq5fbm9716puu8zc?at=1000l3V2&ct=app_tv&itscg=30200&itsct=justwatch_tv_12
ts20233,3,https://watch.amazon.co.uk/detail?gti=amzn1.dv.gti.faad813a-a567-4039-bd0d-95e5e9a99571
ts20233,6,https://www.microsoft.com/en-gb/p/series-1/8d6kgwxn79j2
ts20233,5,https://www.skystore.com/product/rick-and-morty-uncensored-season-1/693787a7-c1e3-446a-932f-a5377fee0bd0
ts20233,7,http://www.channel4.com/programmes/rick-and-morty/on-demand/72076-009
ts8308,19,https://www.itv.com/watch/community/10a3915/10a3915a0001
ts8308,3,https://watch.amazon.co.uk/detail?gti=amzn1.dv.gti.d8a9f695-80da-78f6-022a-af92de6ba7af
ts8308,5,https://www.skystore.com/product/community-season-1/b2703e8f-4df5-4ddb-abda-0c6e7d1f7524
ts8308,4,https://tv.apple.com/gb/show/community/umc.cmc.4nernxq22u93vwrjpt6kfk3m5?at=1000l3V2&ct=app_tv&itscg=30200&itsct=justwatch_tv_12
ts8308,6,https://www.microsoft.com/en-gb/p/series-1/8d6kgwxcn3xb
ts21408,10,https://watch.amazon.co.uk/detail?gti=amzn1.dv.gti.c2a9f68e-f879-f5f7-1acb-02132a1b6bab
ts21408,4,https://tv.apple.com/gb/show/twin-peaks/umc.cmc.1n2apxyl1chm6vcebyfefmqdk?at=1000l3V2&ct=app_tv&itscg=30200&itsct=justwatch_tv_12
ts21408,3,https://watch.amazon.co.uk/detail?gti=amzn1.dv.gti.48a9f68a-8e62-6ece-eda2-1139723eff65
ts288175,7,http://www.channel4.com/programmes/smiling-friends/on-demand/73651-001
ts288175,11,https://www.sky.com/watch/sky-go/all?uuid=f5b67e3c-0f35-4c7b-9890-d26ad648020e&videoId=9649348
ts288175,4,https://tv.apple.com/gb/show/smiling-friends/umc.cmc.qf772cmp3lg33iym2b834ab5?at=1000l3V2&ct=app_tv&itscg=30200&itsct=justwatch_tv_12
ts288175,3,https://watch.amazon.co.uk/detail?gti=amzn1.dv.gti.c41378c6-11c7-4e79-8b8d-7d56978b9d08
ts269167,16,https://watch.amazon.co.uk/detail?gti=amzn1.dv.gti.fa550fd1-6a57-4e3e-9ec9-bf6afea10a11
ts379172,11,https://www.sky.com/watch/sky-go/all?uuid=36f95cd3-0da9-33b0-b4b4-70a4db1d27f2&videoId=9201354
ts379172,17,http://www.bbc.co.uk/iplayer/episode/p0f2cz7f
ts379172,4,https://tv.apple.com/gb/show/blue-lights/umc.cmc.43t373zlcdijxxzzll3zeexsg?at=1000l3V2&ct=app_tv&itscg=30200&itsct=justwatch_tv_12
ts379172,3,https://watch.amazon.co.uk/detail?gti=amzn1.dv.gti.7a8780c8-9f63-4975-840e-e5ea12f3dbc7
ts379172,6,https://www.microsoft.com/en-gb/p/series-1/8d6kgwxzbncs
ts271787,18,https://watch.amazon.co.uk/detail?gti=amzn1.dv.gti.8a316877-944b-4847-a3b9-1cc7294d1b92
ts271787,7,http://www.channel4.com/programmes/the-great/on-demand/71200-001
ts271787,11,https://www.sky.com/watch/sky-go/all?uuid=68ff8bb6-46b2-4b06-a6c2-c20903999a79&videoId=10208065
ts271787,4,https://tv.apple.com/gb/show/the-great/umc.cmc.2agykyp77ydi2x8qj5qi9wk5h?at=1000l3V2&ct=app_tv&itscg=30200&itsct=justwatch_tv_12
ts271787,3,https://watch.amazon.co.uk/detail?gti=amzn1.dv.gti.d4bbfd92-1321-105e-4853-ff44a10e7b17
ts237713,8,http://www.netflix.com/title/81221380
ts237713,4,https://tv.apple.com/gb/show/sweet-tooth/umc.cmc.5zxjzg5hmpxhtylk0ubgpg3dn?at=1000l3V2&ct=app_tv&itscg=30200&itsct=justwatch_tv_12
ts237713,3,https://watch.amazon.co.uk/detail?gti=amzn1.dv.gti.22ee666e-3f5a-4d95-888a-fca2b8c40a54
ts237713,5,https://www.skystore.com/product/sweet-tooth-season-1/e84d2fef-8c02-43d2-b9c7-c78acabce15b
ts85167,1,https://disneyplus.bn5x.net/c/1206980/705874/9358?u=https%3A%2F%2Fwww.disneyplus.com%2Fseries%2Fwhat-we-do-in-the-shadows%2F40SsBvhCRbp1&subId3=justappsvod
ts85167,11,https://www.sky.com/watch/sky-go/all?uuid=30aad0d8-80d7-4dc6-b8d0-984a29a7c8fc&videoId=9594025
ts85167,17,http://www.bbc.co.uk/iplayer/episode/m0005bkw
ts85167,4,https://tv.apple.com/gb/show/what-we-do-in-the-shadows/umc.cmc.2bss05wnkfezkywhivjc7ikml?at=1000l3V2&ct=app_tv&itscg=30200&itsct=justwatch_tv_12
ts85167,3,https://watch.amazon.co.uk/detail?gti=amzn1.dv.gti.4ab56a81-31e3-8d3a-9e06-981f179a9251
ts85167,6,https://www.microsoft.com/en-gb/p/series-1/8d6kgwxn3ztb
ts21792,9,https://www.paramountplus.com/shows/south-park/video/sKBdY6WpPnUgNfpg2T9iCVRP3KNqbHxn/south-park-cartman-gets-an-anal-probe?searchReferral=
ts21792,10,https://watch.amazon.co.uk/detail?gti=amzn1.dv.gti.8ea9f661-2580-0019-3c20-535af41ac690
ts21792,3,https://watch.amazon.co.uk/detail?gti=amzn1.dv.gti.7aa9f67e-d457-8cc9-20a6-ecea13583e4c
ts21792,4,https://tv.apple.com/gb/show/south-park/umc.cmc.1n9fnkfiemhayikewq5xitzn6?at=1000l3V2&ct=app_tv&itscg=30200&itsct=justwatch_tv_12
ts21792,6,https://www.microsoft.com/en-gb/p/series-1/8d6kgwzlctjg
ts21792,5,https://www.skystore.com/product/south-park-season-1/9703d1cb-2312-468b-83c6-3a23dc91a0f2
ts21792,2,https://www.nowtv.com/watch/south-park/795af888e04ef410VgnVCM1000000b43150a____/seasons/1/episodes/1/A5EK6JrCA9fu1ozEu1nfy
ts20386,3,https://watch.amazon.co.uk/detail?gti=amzn1.dv.gti.02a9f688-4381-5e80-483c-2870c01c2364
ts20386,6,https://www.microsoft.com/en-gb/p/series-1/8d6kgwzlcfkk
ts20386,4,https://tv.apple.com/gb/show/law--order-special-victims-unit/umc.cmc.172avp74w4r2h59qogn39svn1?at=1000l3V2&ct=app_tv&itscg=30200&itsct=justwatch_tv_12
ts20386,8,http://www.netflix.com/title/70140403
ts376864,1,https://disneyplus.bn5x.net/c/1206980/705874/9358?u=https%3A%2F%2Fwww.disneyplus.com%2Fseries%2Funder-the-bridge%2F7c13waZGU8Fs&subId3=justappsvod
ts285617,15,https://tv.apple.com/gb/episode/nikki-and-jason/umc.cmc.2dzdkdvedw0n9h25d49y9lh99?at=1000l3V2&ct=app_tvplus&itscg=30200&itsct=justwatch_tv_12&playableId=tvs.sbd.4000%3AVANGL0560101&showId=umc.cmc.6muy4la7lj1omu5nci4bt2m66
ts224255,9,https://www.paramountplus.com/shows/mayor-of-kingstown/video/Kwe1AWYSsDfDsCrztx2Oo_nUPYhjQr8C/mayor-of-kingstown-the-mayor-of-kingstown?searchReferral=
ts224255,10,https://watch.amazon.co.uk/detail?gti=amzn1.dv.gti.5d44f098-789d-4531-bcef-a221a506e0a0
ts224255,4,https://tv.apple.com/gb/show/mayor-of-kingstown/umc.cmc.52b8sl24cni4kw4b75afuatt8?at=1000l3V2&ct=app_tv&itscg=30200&itsct=justwatch_tv_12
ts224255,3,https://watch.amazon.co.uk/detail?gti=amzn1.dv.gti.5cb91ecd-0def-45c3-a6cb-0fd0ad145a15
ts224255,5,https://www.skystore.com/product/the-mayor-of-kingstown-season-1/18ff6892-f18a-4798-8375-ac5f02d03fd6
ts22013,11,https://www.sky.com/watch/sky-go/all?uuid=c184a161-b4d0-4219-a8ab-7196962eb508&videoId=9782953
ts22013,20,https://watch.amazon.co.uk/detail?gti=amzn1.dv.gti.e4a9f67f-1ada-251f-657e-74bfc6bd0e9e
ts22013,21,https://uktvplay.co.uk/shows/mad-men/watch-online/6336618799112
ts22013,18,https://watch.amazon.co.uk/detail?gti=amzn1.dv.gti.2f98c0b6-d5b3-4bd8-8a55-bc52be09302a
ts22013,4,https://tv.apple.com/gb/show/mad-men/umc.cmc.260bmp43ucaq656rs0tw6aioj?at=1000l3V2&ct=app_tv&itscg=30200&itsct=justwatch_tv_12
ts22013,3,https://watch.amazon.co.uk/detail?gti=amzn1.dv.gti.8ea9f68c-de9a-628f-3795-9e44a0006f35
ts22013,6,https://www.microsoft.com/en-gb/p/series-1/8d6kgwzkj0cq
ts20420,7,http://www.channel4.com/programmes/the-west-wing/on-demand/24663-001
ts20420,11,https://www.sky.com/watch/sky-go/all?uuid=1b1ed392-c479-4e73-9d17-2572dc42f892&videoId=9635644
ts20420,3,https://watch.amazon.co.uk/detail?gti=amzn1.dv.gti.52a9f675-c0b5-e149-87c7-8e784ecc92d3
ts20420,4,https://tv.apple.com/gb/show/the-west-wing/umc.cmc.6hflo28r5ubzod2qfebs0dowf?at=1000l3V2&ct=app_tv&itscg=30200&itsct=justwatch_tv_12
ts20605,1,https://disneyplus.bn5x.net/c/1206980/705874/9358?u=https%3A%2F%2Fwww.disneyplus.com%2Fseries%2Fmodern-family%2F6p2yzz9mh8Kp&subId3=justappsvod
ts20605,4,https://tv.apple.com/gb/show/modern-family/umc.cmc.cmw0vccgg7hpwfa3wgvvu5q0?at=1000l3V2&ct=app_tv&itscg=30200&itsct=justwatch_tv_12
ts20605,3,https://watch.amazon.co.uk/detail?gti=amzn1.dv.gti.9ea9f686-660e-ecfa-df3f-e43ce3da94db
ts20605,5,https://www.skystore.com/product/modern-family-season-1/28e1e814-f570-433f-b031-3fa3eb2819a0
ts20605,12,https://www.rakuten.tv/uk/tv_shows/modern-family
ts20605,7,http://www.channel4.com/programmes/modern-family/on-demand/74642-017
ts20605,6,https://www.microsoft.com/en-gb/p/series-1/8d6kgwxmzfsv
ts22047,11,https://www.sky.com/watch/sky-go/all?uuid=d2fc094e-a07f-4b1d-8224-8714d4a3d99b&videoId=6698629
ts22047,12,https://www.rakuten.tv/uk/tv_shows/the-wire
ts22047,2,https://www.nowtv.com/watch/the-wire/9eaa6815beb95510VgnVCM1000000b43150a____/seasons/1/episodes/1/A5EK65Bcwd6MaxdfV4p4f
ts22047,4,https://tv.apple.com/gb/show/the-wire/umc.cmc.73x6fvjkh3m9uq42w1f97pxop?at=1000l3V2&ct=app_tv&itscg=30200&itsct=justwatch_tv_12
ts22047,3,https://watch.amazon.co.uk/detail?gti=amzn1.dv.gti.84a9f676-1f38-9f05-c546-ddc6df46800e
ts22047,13,https://uk.chili.com/content/the-wire-2002/bc3eea65-f292-4e96-9e5c-1d11e17ea5f4?utm_campaign=buy_box&utm_medium=affiliation&utm_source=justwatch
ts22047,6,https://www.microsoft.com/en-gb/p/series-1/8d6kgwzlch03
ts287734,7,http://www.channel4.com/programmes/we-are-lady-parts/on-demand/70029-001
ts287734,11,https://www.sky.com/watch/sky-go/all?uuid=56d69fbf-a578-4bdc-a0b1-d3ad83f8187f&videoId=9957516
ts22138,8,http://www.netflix.com/title/70136120
ts22138,16,https://watch.amazon.co.uk/detail?gti=amzn1.dv.gti.9ea9f65b-b838-ee3c-7b0e-1bcfaf7f090a
ts22138,11,https://www.sky.com/watch/sky-go/all?uuid=e4aae372-6f3f-4848-97f9-982b30fcc9ed&videoId=9392768
ts22138,2,https://www.nowtv.com/watch/the-office-us/iYEQZ2uDbPiuXiLCmLPb9Q/seasons/1/episodes/1/A5EK6949itCVp1SsFqPHJ
ts22138,4,https://tv.apple.com/gb/show/the-office/umc.cmc.455js879szmdywutf3qjewagm?at=1000l3V2&ct=app_tv&itscg=30200&itsct=justwatch_tv_12
ts53559,16,https://watch.amazon.co.uk/detail?gti=amzn1.dv.gti.0511cebe-5c8e-4349-81a3-aa314faecd52
ts53559,4,https://tv.apple.com/gb/show/the-handmaids-tale/umc.cmc.al37oeqemkp1j935xh0if7ep?at=1000l3V2&ct=app_tv&itscg=30200&itsct=justwatch_tv_12
ts53559,6,https://www.microsoft.com/en-gb/p/series-1/8d6kgwxc6g4f
ts28193,11,https://www.sky.com/watch/sky-go/all?uuid=563c9841-da7d-3a26-9608-9935120e9392&videoId=10195298
ts28193,22,https://player.stv.tv/episode/2ro2/rebus
ts28193,21,https://uktvplay.co.uk/shows/rebus-fleshmarket-close/watch-online/6130417439001
ts28193,4,https://tv.apple.com/gb/show/ian-rankins-rebus/umc.cmc.20qa2n78ks0dqe5xnud4dgzp3?at=1000l3V2&ct=app_tv&itscg=30200&itsct=justwatch_tv_12
ts21650,11,https://www.sky.com/watch/sky-go/all?uuid=0efabe72-7fba-4587-b46a-ad1f044aef8d&videoId=10098688
ts21650,2,https://www.nowtv.com/watch/the-jinx-the-life-and.../iYEQYZ6xzLBzrifcAwpM6j/seasons/1/episodes/1/A5EK3JXxfMHt2RmbDjihu
ts21650,4,https://tv.apple.com/gb/show/the-jinx-part-two/umc.cmc.4k8pjyga6j2zl7f7gca7e9h4g?at=1000l3V2&ct=app_tv&itscg=30200&itsct=justwatch_tv_12
ts21650,3,https://watch.amazon.co.uk/detail?gti=amzn1.dv.gti.90f425ec-0771-4769-a64e-1ae2b6d2d528
ts21650,12,https://www.rakuten.tv/uk/tv_shows/the-jinx-the-life-death-of-robert-durst
ts224087,15,https://tv.apple.com/gb/episode/pilot/umc.cmc.zb0yksqtym68hasbq8mj4jwp?at=1000l3V2&ct=app_tvplus&itscg=30200&itsct=justwatch_tv_12&playableId=tvs.sbd.4000%3AVTEDL0560101&showId=umc.cmc.vtoh0mn0xn7t3c643xqonfzy
ts386368,1,https://disneyplus.bn5x.net/c/1206980/705874/9358?u=https%3A%2F%2Fwww.disneyplus.com%2Fseries%2Fshardlake%2F6eL3A3A9TdnP&subId3=justappsvod
ts41331,15,https://tv.apple.com/gb/episode/part-one/umc.cmc.6q0caesashz5rgmrv4n51qmb7?at=1000l3V2&ct=app_tvplus&itscg=30200&itsct=justwatch_tv_12&playableId=tvs.sbd.4000%3AA0019301001&showId=umc.cmc.7bxcni0vwgll9kmicq738k5q2
ts364001,9,https://www.paramountplus.com/shows/a-gentleman-in-moscow/video/tnj_fvMvm9YsJbklR_wJXbcL1RKBMmxj/a-gentleman-in-moscow-a-master-of-circumstance?searchReferral=
ts364001,10,https://watch.amazon.co.uk/detail?gti=amzn1.dv.gti.739be3d3-5a84-4bf1-a9ef-32c59f3b9acf
ts81294,4,https://tv.apple.com/gb/show/manifest/umc.cmc.r1htoboc8q6iv4tdu5kkv60j?at=1000l3V2&ct=app_tv&itscg=30200&itsct=justwatch_tv_12
ts81294,3,https://watch.amazon.co.uk/detail?gti=amzn1.dv.gti.14b5159c-dfc9-c5e7-69ff-c14d21bac6b0
ts81294,5,https://www.skystore.com/product/manifest-season-1/64c5068a-c961-4b8a-ab5e-6e340ace3496
ts81294,6,https://www.microsoft.com/en-gb/p/series-1/8d6kgwxn2z1b
ts81294,8,http://www.netflix.com/title/80241318
ts81294,2,https://www.nowtv.com/watch/manifest/iYEQZ1vXy2NqkkJqPMM7io/seasons/3/episodes/1/A5EK5anvvYyhYYaJxSZJY
ts21848,1,https://disneyplus.bn5x.net/c/1206980/705874/9358?u=https%3A%2F%2Fwww.disneyplus.com%2Fseries%2Flost%2F49VjIYAiy7oh&subId3=justappsvod
ts21848,12,https://www.rakuten.tv/uk/tv_shows/lost
ts21848,4,https://tv.apple.com/gb/show/lost/umc.cmc.224vt3dmosi0331a2yc8ny3l8?at=1000l3V2&ct=app_tv&itscg=30200&itsct=justwatch_tv_12
ts21848,3,https://watch.amazon.co.uk/detail?gti=amzn1.dv.gti.d6a9f67b-d4dc-ca7a-5660-462cff92ce3a
ts21848,5,https://www.skystore.com/product/lost-season-1/ab708bd0-8e11-48ed-97dd-c7467d723249
ts6410,11,https://www.sky.com/watch/sky-go/all?uuid=1589fe78-70c0-3ede-aac5-9f1aa61c9e5d&videoId=10191340
ts6410,17,http://www.bbc.co.uk/iplayer/episode/b0074dlv
ts6410,3,https://watch.amazon.co.uk/detail?gti=amzn1.dv.gti.3e4f7c8a-402b-4d1a-adac-9fde30690a43
ts6410,6,https://www.microsoft.com/en-gb/p/series-1/8d6kgwzlcwrk
ts6410,4,https://tv.apple.com/gb/show/doctor-who/umc.cmc.1jtpx2ub10fc2kc8a3st7jnaq?at=1000l3V2&ct=app_tv&itscg=30200&itsct=justwatch_tv_12
ts21465,16,https://watch.amazon.co.uk/detail?gti=amzn1.dv.gti.3ea9f699-8c1a-927c-2f88-d2b9900305e3
ts21465,5,https://www.skystore.com/product/supernatural-season-1/dad70d8c-ddd9-428c-8f58-e14552aafad3
ts21465,6,https://www.microsoft.com/en-gb/p/series-1/8d6kgwzlcf3d
ts21465,4,https://tv.apple.com/gb/show/supernatural/umc.cmc.2boiv12as9p2daeuh3x279a3p?at=1000l3V2&ct=app_tv&itscg=30200&itsct=justwatch_tv_12
ts21465,19,https://www.itv.com/watch/supernatural/34139/1a7454a0023
ts77979,11,https://www.sky.com/watch/sky-go/all?uuid=6b0e0ac5-c207-489a-851c-f5d911e14c27&videoId=8652398
ts77979,2,https://www.nowtv.com/watch/succession/iYEQZ2rcf32XPyAp1iAJ9G/seasons/1/episodes/1/A5EK65Bcwd6N9gAFY1sHN
ts77979,4,https://tv.apple.com/gb/show/succession/umc.cmc.3trf3c8kzd8m4w72c9q8dwjqe?at=1000l3V2&ct=app_tv&itscg=30200&itsct=justwatch_tv_12
ts77979,6,https://www.microsoft.com/en-gb/p/series-1/8d6kgwxzdg81
ts77979,13,https://uk.chili.com/content/succession-2018/7fe00845-892f-442b-af30-2dea3be0e98a?utm_campaign=buy_box&utm_medium=affiliation&utm_source=justwatch
ts304703,2,https://www.nowtv.com/watch/s.w.a.t./iYEQZ1vXy2NqjnWrEVKXaS/seasons/1/episodes/1/A5EK5anvvYyihAiug8hUQ
ts304703,4,https://tv.apple.com/gb/show/swat/umc.cmc.4vjx17lm1jrisow9qpv0vv25?at=1000l3V2&ct=app_tv&itscg=30200&itsct=justwatch_tv_12
ts304703,5,https://www.skystore.com/product/swat-season-1/7ec5cafa-afab-4485-8354-1acdd1752bcc
ts304703,3,https://watch.amazon.co.uk/detail?gti=amzn1.dv.gti.0eb3b06c-5b34-932a-05da-e147c83e5528
ts304703,8,http://www.netflix.com/title/80179292
ts304703,6,https://www.microsoft.com/en-gb/p/series-1/8d6kgwxl1pgv
ts22337,1,https://disneyplus.bn5x.net/c/1206980/705874/9358?u=https%3A%2F%2Fwww.disneyplus.com%2Fseries%2Fncis%2F2fiNVjbcJqSw&subId3=justappsvod
ts22337,4,https://tv.apple.com/gb/show/ncis/umc.cmc.3en7wd5upm1hx2sdbbr949kbj?at=1000l3V2&ct=app_tv&itscg=30200&itsct=justwatch_tv_12
ts22337,3,https://watch.amazon.co.uk/detail?gti=amzn1.dv.gti.38a9f679-b3b6-1503-7b76-cc3c1e3597a4
ts22337,9,https://www.paramountplus.com/shows/ncis/video/57C49222-A195-F0B5-6913-48541A402690/ncis-rogue?searchReferral=
ts22337,10,https://watch.amazon.co.uk/detail?gti=amzn1.dv.gti.6ab211f2-6ceb-90d9-c561-0e3ad80b71ec
ts22337,5,https://www.skystore.com/product/ncis-season-18/7d813ab0-fe6a-4150-b7ea-4dccec92eca1
ts22337,14,https://www.my5.tv/ncis/season-20/head-games
ts3630,4,https://tv.apple.com/gb/show/chicago-fire/umc.cmc.5q5hept47ceu91k7tylzrbasa?at=1000l3V2&ct=app_tv&itscg=30200&itsct=justwatch_tv_12
ts3630,5,https://www.skystore.com/product/chicago-fire-season-1/e7947188-c726-45db-b596-a5d4cecc4d5e
ts3630,6,https://www.microsoft.com/en-gb/p/series-1/8d6kgwzlcg44
ts3630,16,https://watch.amazon.co.uk/detail?gti=amzn1.dv.gti.3ca9f679-bb0b-510b-f2a6-500e313c0b52
ts3630,2,https://www.nowtv.com/watch/chicago-fire/d3b8f8aa7dd50410VgnVCM1000000b43150a____/seasons/11/episodes/1/A5EK4hNSMYgPF6zSB2Wa7
ts314375,16,https://watch.amazon.co.uk/detail?gti=amzn1.dv.gti.41f71162-2344-4089-accf-5ce0e9c12535
ts314375,4,https://tv.apple.com/gb/show/reacher/umc.cmc.4s93rx343gfuybchc5arteby4?at=1000l3V2&ct=app_tv&itscg=30200&itsct=justwatch_tv_12
ts314375,5,https://www.skystore.com/product/reacher-season-1/6b6b1d25-43a4-41f0-96ae-05b523e2907f
ts10620,8,http://www.netflix.com/title/70136126
ts10620,9,https://www.paramountplus.com/shows/dexter/video/_1ssUsDXSuoUUyItv1b5sLDoihEEC6v0/dexter-dexter?searchReferral=
ts10620,10,https://watch.amazon.co.uk/detail?gti=amzn1.dv.gti.70a9f69c-3014-1fa7-1c7b-284ffd55ce8a
ts10620,4,https://tv.apple.com/gb/show/dexter/umc.cmc.2w8cp3aur89y8id4cfk2engfu?at=1000l3V2&ct=app_tv&itscg=30200&itsct=justwatch_tv_12
ts10620,3,https://watch.amazon.co.uk/detail?gti=amzn1.dv.gti.48a9f665-f0ee-0240-5f85-89c67352c7b5
ts82916,1,https://disneyplus.bn5x.net/c/1206980/705874/9358?u=https%3A%2F%2Fwww.disneyplus.com%2Fseries%2Fmr-inbetween%2F4lPI5VghBpTi&subId3=justappsvod
ts87959,9,https://www.paramountplus.com/shows/your-honor/video/Z4NJKjo4Za_zJw8dXlrptzI4zTmOCHwF/your-honor-part-one?searchReferral=
ts87959,4,https://tv.apple.com/gb/show/your-honor/umc.cmc.1dmuuj2ejlx54k7nr5uvhos4a?at=1000l3V2&ct=app_tv&itscg=30200&itsct=justwatch_tv_12
ts87959,11,https://www.sky.com/watch/sky-go/all?uuid=3a9bd3cb-cadc-472b-984e-89b88260de3c&videoId=7587048
ts87959,10,https://watch.amazon.co.uk/detail?gti=amzn1.dv.gti.4e21adce-064c-41f9-99b3-19d7061b4dff
ts87959,3,https://watch.amazon.co.uk/detail?gti=amzn1.dv.gti.2154456e-cec6-4ab3-bb3a-79e9790394a4
ts320458,15,https://tv.apple.com/gb/episode/good-news-about-hell/umc.cmc.s80mx1ic96pu6ewupz8pfasf?at=1000l3V2&ct=app_tvplus&itscg=30200&itsct=justwatch_tv_12&playableId=tvs.sbd.4000%3AVSEVR0560101&showId=umc.cmc.1srk2goyh2q2zdxcx605w8vtx
ts20567,8,http://www.netflix.com/title/70203479
ts20567,16,https://watch.amazon.co.uk/detail?gti=amzn1.dv.gti.0eb05efd-9a22-f58c-7609-6b636336fcba
ts20567,11,https://www.sky.com/watch/sky-go/all?uuid=752f7169-2641-3a5a-99a9-a8a1580fd2a8&videoId=9732542
ts20567,21,https://uktvplay.co.uk/shows/the-hour/watch-online/6339845517112
ts20567,23,https://acorn.tv/hour/series1/a-new-kind-of-news/
ts20567,24,https://www.arte.tv/en/videos/046635-001-A/the-hour-season-1-1-6/
ts256052,11,https://www.sky.com/watch/sky-go/all?uuid=ed2f46ed-0636-4585-ac14-88b553f3d0cb&videoId=7921130
ts256052,2,https://www.nowtv.com/watch/the-white-lotus/iYEQZ2rcf32XR9BdJWHTfy/seasons/1/episodes/1/A5EK65Bcwd6MJFqECKUkJ
ts256052,4,https://tv.apple.com/gb/show/the-white-lotus/umc.cmc.3c8psnhdn9viikje3kvq69fyr?at=1000l3V2&ct=app_tv&itscg=30200&itsct=justwatch_tv_12
ts256052,3,https://watch.amazon.co.uk/detail?gti=amzn1.dv.gti.daa4870a-16ae-42e1-806b-f8ef2bba112e
ts20425,11,https://www.sky.com/watch/sky-go/all?uuid=869f67ff-063b-48d0-a8ed-8b603d952f60&videoId=7017594
ts20425,2,https://www.nowtv.com/watch/veep/iYEQZ2uDbPiuTYRd9PTfh1/seasons/1/episodes/1/A5EK6949itCUuYnLuLjj5
ts20425,13,https://uk.chili.com/content/veep-2012/778a038b-0fc8-4bb6-a41d-9f10336e5c63?utm_campaign=buy_box&utm_medium=affiliation&utm_source=justwatch
ts20425,4,https://tv.apple.com/gb/show/veep/umc.cmc.5ir3dmyl42miy9h2gxvz551ql?at=1000l3V2&ct=app_tv&itscg=30200&itsct=justwatch_tv_12
ts20425,3,https://watch.amazon.co.uk/detail?gti=amzn1.dv.gti.a2a9f67a-1205-a02a-cd0c-f9cf2f12f7b6
ts20425,12,https://www.rakuten.tv/uk/tv_shows/veep
ts4,8,http://www.netflix.com/title/70143836
ts4,12,https://www.rakuten.tv/uk/tv_shows/breaking-bad
ts4,3,https://watch.amazon.co.uk/detail?gti=amzn1.dv.gti.3ca9f667-a841-9776-db3e-b7fe2cdbd831
ts4,5,https://www.skystore.com/product/breaking-bad-season-1/2efeb2f6-7734-4b2b-be5e-9701b712d8fa
ts4,13,https://uk.chili.com/content/breaking-bad-2008/b021e2c3-0e5a-4e8f-9096-726e1d2fa9d5?utm_campaign=buy_box&utm_medium=affiliation&utm_source=justwatch
ts4,4,https://tv.apple.com/gb/show/breaking-bad/umc.cmc.1v90fu25sgywa1e14jwnrt9uc?at=1000l3V2&ct=app_tv&itscg=30200&itsct=justwatch_tv_12
ts4,6,https://www.microsoft.com/en-gb/p/series-1/8d6kgwzlcns6
ts74799,11,https://www.sky.com/watch/sky-go/all?uuid=909b3235-19a8-4b0a-a1f7-9719c3c4248a&videoId=8413598
ts74799,2,https://www.nowtv.com/watch/barry/iYEQZ2uDbPiuWCJRvsh1gs/seasons/1/episodes/1/A5EK6949itCV8szbV1mWC
ts74799,4,https://tv.apple.com/gb/show/barry/umc.cmc.21slh4r60chyyd4cbwimo9hxk?at=1000l3V2&ct=app_tv&itscg=30200&itsct=justwatch_tv_12
ts74799,3,https://watch.amazon.co.uk/detail?gti=amzn1.dv.gti.2cb1c375-f1f2-89b7-5f77-163828deec40
ts74799,6,https://www.microsoft.com/en-gb/p/series-1/8d6kgwxzdvh5
ts74799,13,https://uk.chili.com/content/barry-2018/8eb456eb-0e70-40ad-8294-d3120c5fa7f9?utm_campaign=buy_box&utm_medium=affiliation&utm_source=justwatch
ts196,18,https://watch.amazon.co.uk/detail?gti=amzn1.dv.gti.9abb77c1-d94a-470b-a2d4-76959f8fb5ae
ts196,4,https://tv.apple.com/gb/show/black-sails/umc.cmc.2aq6e38r265c2z6nkjdbacqvd?at=1000l3V2&ct=app_tv&itscg=30200&itsct=justwatch_tv_12
ts196,3,https://watch.amazon.co.uk/detail?gti=amzn1.dv.gti.eaa9f68c-4b43-4598-81de-6e4acc665425
ts196,5,https://www.skystore.com/product/black-sails-season-1/553f1c72-d32e-435b-871c-c7446df59fbd
ts196,6,https://www.microsoft.com/en-gb/p/series-1/8d6kgwzz0nnf
ts297178,15,https://tv.apple.com/gb/episode/freedom-day/umc.cmc.4v3gat04y129mm0smdu6ea3dh?at=1000l3V2&ct=app_tvplus&itscg=30200&itsct=justwatch_tv_12&playableId=tvs.sbd.4000%3AA0026501001&showId=umc.cmc.3yksgc857px0k0rqe5zd4jice
ts22060,11,https://www.sky.com/watch/sky-go/all?uuid=0032376f-1202-41a1-a184-a5fcc1f58efa&videoId=9271588
ts22060,12,https://www.rakuten.tv/uk/tv_shows/sex-the-city
ts22060,2,https://www.nowtv.com/watch/sex-and-the-city/iYEQZ2uDbPivbCcAPeXoao/seasons/1/episodes/1/A5EK6949itCVvikAPmWKs
ts22060,3,https://watch.amazon.co.uk/detail?gti=amzn1.dv.gti.50a9f67d-c8d4-c32f-94d7-1a6ba180cda8
ts22060,4,https://tv.apple.com/gb/show/sex-and-the-city/umc.cmc.2x53eql83rmylrvmdtz8c3ym?at=1000l3V2&ct=app_tv&itscg=30200&itsct=justwatch_tv_12
ts22060,13,https://uk.chili.com/content/sex-and-the-city-1998/743dbfc9-a840-47d3-9974-d89141bb851f?utm_campaign=buy_box&utm_medium=affiliation&utm_source=justwatch
ts22060,6,https://www.microsoft.com/en-gb/p/series-1/8d6kgx0qp5t5
ts36000,16,https://watch.amazon.co.uk/detail?gti=amzn1.dv.gti.6ca9f687-a8b7-558c-4fb2-e51fe610e124
ts36000,4,https://tv.apple.com/gb/show/fear-the-walking-dead/umc.cmc.62qslnaw3g07ww2mtqlp3c92h?at=1000l3V2&ct=app_tv&itscg=30200&itsct=justwatch_tv_12
ts36000,5,https://www.skystore.com/product/fear-the-walking-dead-season-1/eb3d3bdb-68f4-45e8-a71e-43cf3bc268d2
ts36000,6,https://www.microsoft.com/en-gb/p/series-3/8d6kgwxn6s66
ts3447,3,https://watch.amazon.co.uk/detail?gti=amzn1.dv.gti.86b30e3b-96b0-cbab-98d6-24942aa909de
ts3447,4,https://tv.apple.com/gb/show/chicago-pd/umc.cmc.6pkewth7gcpwy3o78r0q8927m?at=1000l3V2&ct=app_tv&itscg=30200&itsct=justwatch_tv_12
ts3447,5,https://www.skystore.com/product/chicago-pd-season-1/1c75cbf9-0c07-4589-82eb-49be3f5bde4f
ts3447,6,https://www.microsoft.com/en-gb/p/series-1/8d6kgwzlctfg
ts3447,2,https://www.nowtv.com/watch/chicago-pd/iYEQYZDoViN8PYEpVSzxHS/seasons/9/episodes/1/A5EK4hNSMYgPjEHtm6XLC
ts228068,9,https://www.paramountplus.com/shows/yellowjackets/video/hXOv_JVo06AG3BJ21ZT3vlziXmcs9ssv/yellowjackets-pilot?searchReferral=
ts228068,10,https://watch.amazon.co.uk/detail?gti=amzn1.dv.gti.5ea3bb37-6445-480c-8128-31a71ef33ba9
ts228068,4,https://tv.apple.com/gb/show/yellowjackets/umc.cmc.3r0gi7bohabc183116w6r7t0z?at=1000l3V2&ct=app_tv&itscg=30200&itsct=justwatch_tv_12
ts228068,3,https://watch.amazon.co.uk/detail?gti=amzn1.dv.gti.92a3a5bc-1e9a-4174-b21c-27ed75b2041a
ts228068,5,https://www.skystore.com/product/yellowjackets-season-1/9f136340-e10c-44ac-9e67-147c30e2cd4a
ts228068,2,https://www.nowtv.com/watch/yellowjackets/iYEQZ2rcf32XRepKLng3Mw/seasons/1/episodes/1/A5EK65Bcwd6MSpW2YmvTw
ts88632,11,https://www.sky.com/watch/sky-go/all?uuid=119a15a4-c006-4945-bce5-16fd7b9a284a&videoId=6041573
ts88632,2,https://www.nowtv.com/watch/chernobyl/iYEQZ2rcf32XNZDFHaYhzo/seasons/1/episodes/1/A5EK65Bcwd6LoubKSoJeW
ts88632,3,https://watch.amazon.co.uk/detail?gti=amzn1.dv.gti.f6b5da15-a862-3cd1-feeb-0c2564182345
ts88632,4,https://tv.apple.com/gb/show/chernobyl/umc.cmc.4r07f208iugn79go4pmvpcqbt?at=1000l3V2&ct=app_tv&itscg=30200&itsct=justwatch_tv_12
